StreakID,CurrentStreak,MaxStreak,PlayerID
ConsecutiveGamesPlayed,5,5,1824
GamesWith100YardsRushing,3,3,1824
GamesWRushTD,2,2,1824
ConsecutiveGamesPlayed,5,5,1828
ConsecutiveGamesPlayed,5,5,1848
GamesWSack,0,2,1848
ConsecutiveGamesPlayed,5,5,1875
GamesWSack,0,1,1875
ConsecutiveGamesPlayed,5,5,1902
GamesWSack,0,2,1902
ConsecutiveGamesPlayed,5,5,1906
GamesWPassTD,5,5,1906
ConsecutivePassesNoInt,22,58,1906
ConsecutiveCompletions,11,12,1906
GamesWith300Yards,1,1,1906
GamesWNoInt,1,1,1906
ConsecutiveGamesPlayed,5,5,1921
ConsecutiveGamesPlayed,5,5,1949
ConsecutiveGamesPlayed,5,5,1985
GamesWInt,1,1,1985
ConsecutiveGamesPlayed,5,5,1928
GamesWith100YardsReceiving,0,2,1928
GamesWRecTD,5,5,1928
ConsecutiveGamesPlayed,5,5,1998
GamesWRecTD,0,1,1998
ConsecutiveGamesPlayed,5,5,1999
GamesWRecTD,0,1,1999
ConsecutiveGamesPlayed,5,5,2017
ConsecutiveGamesPlayed,5,5,2015
ConsecutiveGamesPlayed,5,5,2051
ConsecutiveGamesPlayed,5,5,2232
ConsecutiveGamesPlayed,5,5,2250
ConsecutiveGamesPlayed,5,5,2348
GamesWSack,1,1,2348
ConsecutiveGamesPlayed,5,5,2340
GamesWInt,1,1,2340
ConsecutiveGamesPlayed,5,5,2275
ConsecutiveFGMade,2,3,2275
ConsecutiveGamesPlayed,5,5,2398
GamesWInt,1,1,2398
ConsecutiveGamesPlayed,5,5,2131
ConsecutiveGamesPlayed,5,5,2485
ConsecutiveFGMade,0,2,2485
ConsecutiveGamesPlayed,5,5,2175
ConsecutiveGamesPlayed,5,5,1995
ConsecutiveGamesPlayed,5,5,2784
ConsecutiveGamesPlayed,5,5,2336
ConsecutiveGamesPlayed,5,5,2397
ConsecutiveGamesPlayed,1,1,2262
ConsecutiveGamesPlayed,5,5,2394
ConsecutiveGamesPlayed,5,5,2870
ConsecutiveGamesPlayed,5,5,2593
GamesWRecTD,0,1,2593
ConsecutiveGamesPlayed,5,5,2464
ConsecutiveGamesPlayed,5,5,2432
ConsecutiveGamesPlayed,0,2,2118
ConsecutiveGamesPlayed,5,5,2566
ConsecutiveGamesPlayed,0,1,2711
ConsecutiveGamesPlayed,5,5,2619
ConsecutiveGamesPlayed,5,5,2849
ConsecutiveGamesPlayed,5,5,2598
ConsecutiveGamesPlayed,5,5,2683
ConsecutiveGamesPlayed,5,5,3231
ConsecutiveGamesPlayed,1,1,2738
ConsecutiveGamesPlayed,5,5,2774
ConsecutiveGamesPlayed,5,5,3046
ConsecutiveGamesPlayed,5,5,1888
GamesWPassTD,5,5,1888
ConsecutivePassesNoInt,148,148,1888
ConsecutiveCompletions,0,18,1888
GamesWith300Yards,0,2,1888
GamesWNoInt,5,5,1888
ConsecutiveGamesPlayed,5,5,1822
GamesWith100YardsReceiving,0,2,1822
GamesWRecTD,0,2,1822
GamesWRushTD,0,1,1822
ConsecutiveGamesPlayed,5,5,1913
GamesWRecTD,0,2,1913
ConsecutiveGamesPlayed,5,5,1911
GamesWith100YardsRushing,0,1,1911
GamesWRushTD,0,2,1911
ConsecutiveGamesPlayed,5,5,1931
ConsecutiveGamesPlayed,5,5,1940
ConsecutiveGamesPlayed,5,5,2308
ConsecutiveGamesPlayed,5,5,2031
GamesWSack,0,1,2031
ConsecutiveGamesPlayed,5,5,2010
ConsecutiveGamesPlayed,5,5,2139
ConsecutiveGamesPlayed,5,5,2152
ConsecutiveGamesPlayed,5,5,2220
ConsecutiveGamesPlayed,5,5,2334
ConsecutiveGamesPlayed,5,5,2183
ConsecutiveGamesPlayed,5,5,2280
ConsecutiveGamesPlayed,5,5,2138
GamesWSack,0,1,2138
ConsecutiveGamesPlayed,5,5,2718
ConsecutiveGamesPlayed,5,5,2333
ConsecutiveGamesPlayed,5,5,2853
ConsecutiveGamesPlayed,5,5,2483
ConsecutiveFGMade,2,4,2483
ConsecutiveGamesPlayed,5,5,2261
GamesWInt,0,1,2261
ConsecutiveGamesPlayed,5,5,2508
GamesWRecTD,1,1,2508
ConsecutiveGamesPlayed,5,5,2876
ConsecutiveGamesPlayed,5,5,2570
ConsecutiveGamesPlayed,5,5,2367
ConsecutiveGamesPlayed,5,5,2368
GamesWith100YardsReceiving,0,1,2368
GamesWRecTD,0,1,2368
ConsecutiveGamesPlayed,5,5,2927
ConsecutiveGamesPlayed,5,5,2866
GamesWSack,1,1,2866
ConsecutiveGamesPlayed,5,5,1996
GamesWRushTD,2,2,1996
ConsecutiveGamesPlayed,5,5,2330
ConsecutiveGamesPlayed,0,1,2403
ConsecutiveGamesPlayed,5,5,2511
ConsecutiveGamesPlayed,0,1,2241
ConsecutiveGamesPlayed,5,5,2319
ConsecutiveGamesPlayed,5,5,2462
ConsecutiveGamesPlayed,2,2,2501
GamesWRecTD,0,1,2501
ConsecutiveGamesPlayed,5,5,2564
GamesWInt,1,1,2564
ConsecutiveGamesPlayed,0,1,2548
ConsecutiveGamesPlayed,5,5,3057
ConsecutiveGamesPlayed,1,2,2229
ConsecutiveGamesPlayed,0,1,2383
ConsecutiveGamesPlayed,5,5,2521
ConsecutiveGamesPlayed,5,5,2565
ConsecutiveGamesPlayed,5,5,2609
ConsecutiveGamesPlayed,5,5,2359
ConsecutiveGamesPlayed,0,1,2671
ConsecutiveGamesPlayed,5,5,2771
ConsecutiveGamesPlayed,5,5,2904
GamesWSack,0,2,2904
ConsecutiveGamesPlayed,5,5,2986
ConsecutiveGamesPlayed,5,5,3043
ConsecutiveGamesPlayed,5,5,1812
GamesWith100YardsRushing,1,1,1812
GamesWRecTD,0,1,1812
GamesWRushTD,2,2,1812
ConsecutiveGamesPlayed,5,5,1832
GamesWPassTD,0,4,1832
ConsecutivePassesNoInt,126,126,1832
ConsecutiveCompletions,0,14,1832
GamesWith300Yards,0,2,1832
GamesWNoInt,0,4,1832
ConsecutiveGamesPlayed,5,5,1887
GamesWRecTD,0,1,1887
ConsecutiveGamesPlayed,5,5,1890
GamesWSack,0,2,1890
ConsecutiveGamesPlayed,5,5,1900
GamesWith100YardsReceiving,0,2,1900
GamesWRecTD,4,4,1900
GamesWRushTD,0,1,1900
ConsecutiveGamesPlayed,5,5,1988
GamesWith100YardsReceiving,0,1,1988
GamesWRecTD,0,3,1988
ConsecutiveGamesPlayed,5,5,1952
ConsecutiveGamesPlayed,5,5,1982
GamesWInt,1,1,1982
ConsecutiveGamesPlayed,5,5,2060
ConsecutiveGamesPlayed,5,5,1976
GamesWInt,1,1,1976
GamesWSack,0,1,1976
ConsecutiveGamesPlayed,5,5,2282
ConsecutiveGamesPlayed,5,5,2125
ConsecutiveGamesPlayed,5,5,2104
ConsecutiveGamesPlayed,5,5,1898
ConsecutiveGamesPlayed,5,5,2096
GamesWInt,1,1,2096
ConsecutiveGamesPlayed,1,1,1989
GamesWPassTD,1,1,1989
ConsecutivePassesNoInt,15,15,1989
ConsecutiveCompletions,1,3,1989
ConsecutiveGamesPlayed,5,5,1971
ConsecutiveGamesPlayed,5,5,2257
GamesWSack,1,1,2257
ConsecutiveGamesPlayed,5,5,2413
ConsecutiveGamesPlayed,5,5,2184
ConsecutiveGamesPlayed,1,2,2110
ConsecutiveGamesPlayed,5,5,2350
ConsecutiveGamesPlayed,5,5,2256
GamesWSack,0,2,2256
ConsecutiveGamesPlayed,5,5,2311
ConsecutiveGamesPlayed,5,5,2321
ConsecutiveGamesPlayed,5,5,2196
ConsecutiveGamesPlayed,5,5,2573
GamesWSack,0,1,2573
ConsecutiveGamesPlayed,0,2,2281
ConsecutiveGamesPlayed,5,5,2575
ConsecutiveGamesPlayed,5,5,2481
ConsecutiveFGMade,5,5,2481
ConsecutiveGamesPlayed,5,5,2063
ConsecutiveGamesPlayed,5,5,2620
ConsecutiveGamesPlayed,0,2,2191
ConsecutiveGamesPlayed,5,5,2411
ConsecutiveGamesPlayed,0,1,2469
ConsecutiveGamesPlayed,5,5,2379
ConsecutiveGamesPlayed,1,1,2514
ConsecutiveGamesPlayed,5,5,2502
GamesWRecTD,0,1,2502
ConsecutiveGamesPlayed,5,5,2603
GamesWSack,0,1,2603
ConsecutiveGamesPlayed,0,1,2572
ConsecutiveGamesPlayed,5,5,2533
ConsecutiveGamesPlayed,5,5,3053
ConsecutiveFGMade,1,2,3053
ConsecutiveGamesPlayed,0,1,2516
ConsecutiveGamesPlayed,0,1,2523
ConsecutiveGamesPlayed,5,5,3209
ConsecutiveGamesPlayed,0,2,2690
ConsecutiveGamesPlayed,5,5,3022
GamesWSack,0,1,3022
ConsecutiveGamesPlayed,0,2,2424
ConsecutiveGamesPlayed,0,1,2696
ConsecutiveGamesPlayed,1,1,2773
ConsecutiveGamesPlayed,5,5,3042
ConsecutiveGamesPlayed,1,1,3182
ConsecutiveGamesPlayed,5,5,1811
GamesWInt,0,1,1811
GamesWSack,0,2,1811
ConsecutiveGamesPlayed,5,5,1862
GamesWInt,0,1,1862
ConsecutiveGamesPlayed,5,5,1892
GamesWInt,0,1,1892
ConsecutiveGamesPlayed,5,5,2055
GamesWSack,0,1,2055
ConsecutiveGamesPlayed,5,5,1954
GamesWSack,0,1,1954
ConsecutiveGamesPlayed,5,5,1918
GamesWSack,0,4,1918
ConsecutiveGamesPlayed,5,5,1879
GamesWith100YardsRushing,1,1,1879
GamesWRushTD,1,1,1879
ConsecutiveGamesPlayed,5,5,2026
GamesWRushTD,0,1,2026
ConsecutiveGamesPlayed,5,5,2033
GamesWith100YardsReceiving,0,1,2033
GamesWRecTD,1,2,2033
GamesWRushTD,0,1,2033
ConsecutiveGamesPlayed,5,5,2066
ConsecutiveGamesPlayed,5,5,1964
GamesWPassTD,5,5,1964
ConsecutivePassesNoInt,10,45,1964
ConsecutiveCompletions,2,6,1964
GamesWNoInt,0,2,1964
ConsecutiveGamesPlayed,5,5,2214
ConsecutiveGamesPlayed,5,5,2153
GamesWRecTD,0,1,2153
GamesWRushTD,1,1,2153
ConsecutiveGamesPlayed,5,5,2092
GamesWInt,0,1,2092
GamesWSack,0,1,2092
ConsecutiveGamesPlayed,5,5,2347
GamesWSack,0,1,2347
ConsecutiveGamesPlayed,5,5,2349
GamesWSack,0,1,2349
ConsecutiveGamesPlayed,5,5,2606
ConsecutiveGamesPlayed,5,5,2129
ConsecutiveGamesPlayed,0,1,2190
ConsecutiveGamesPlayed,5,5,1970
ConsecutiveGamesPlayed,5,5,2215
ConsecutiveGamesPlayed,5,5,2243
ConsecutiveGamesPlayed,5,5,2045
ConsecutiveGamesPlayed,5,5,1946
GamesWRushTD,0,1,1946
ConsecutiveGamesPlayed,5,5,2370
GamesWRecTD,0,1,2370
ConsecutiveGamesPlayed,5,5,3058
ConsecutiveFGMade,3,3,3058
ConsecutiveGamesPlayed,5,5,2406
ConsecutiveFGMade,1,2,2406
ConsecutiveGamesPlayed,5,5,2769
ConsecutiveGamesPlayed,5,5,2574
ConsecutiveGamesPlayed,5,5,2273
ConsecutiveGamesPlayed,1,1,2037
ConsecutiveGamesPlayed,5,5,2513
GamesWRecTD,0,1,2513
ConsecutiveGamesPlayed,0,1,2624
ConsecutiveGamesPlayed,5,5,2380
ConsecutiveGamesPlayed,5,5,2458
GamesWSack,0,1,2458
ConsecutiveGamesPlayed,5,5,2551
ConsecutiveGamesPlayed,5,5,2504
ConsecutiveGamesPlayed,0,1,2542
ConsecutiveGamesPlayed,5,5,3000
ConsecutiveGamesPlayed,5,5,3113
ConsecutiveGamesPlayed,0,1,2673
ConsecutiveGamesPlayed,5,5,2750
ConsecutiveGamesPlayed,5,5,2988
ConsecutiveGamesPlayed,5,5,1818
GamesWSack,5,5,1818
ConsecutiveGamesPlayed,5,5,1821
ConsecutiveGamesPlayed,5,5,1868
GamesWSack,1,1,1868
ConsecutiveGamesPlayed,5,5,1849
GamesWInt,0,1,1849
ConsecutiveGamesPlayed,5,5,1861
ConsecutiveGamesPlayed,5,5,1901
GamesWSack,1,1,1901
ConsecutiveGamesPlayed,5,5,1920
GamesWSack,0,1,1920
ConsecutiveGamesPlayed,5,5,1935
GamesWSack,0,1,1935
ConsecutiveGamesPlayed,5,5,1877
GamesWInt,0,1,1877
GamesWSack,0,1,1877
ConsecutiveGamesPlayed,5,5,1922
ConsecutiveGamesPlayed,5,5,1917
ConsecutiveGamesPlayed,5,5,1925
ConsecutiveGamesPlayed,5,5,1880
GamesWRecTD,0,2,1880
ConsecutiveGamesPlayed,5,5,1908
GamesWith100YardsRushing,0,1,1908
ConsecutiveGamesPlayed,5,5,1944
GamesWPassTD,0,2,1944
ConsecutivePassesNoInt,2,24,1944
ConsecutiveCompletions,1,7,1944
GamesWNoInt,0,1,1944
ConsecutiveGamesPlayed,5,5,2002
ConsecutiveGamesPlayed,5,5,2006
ConsecutiveGamesPlayed,5,5,2035
ConsecutiveGamesPlayed,5,5,2100
ConsecutiveGamesPlayed,5,5,2140
ConsecutiveGamesPlayed,5,5,2159
ConsecutiveGamesPlayed,5,5,2219
ConsecutiveGamesPlayed,5,5,2071
ConsecutiveGamesPlayed,5,5,2081
ConsecutiveGamesPlayed,0,1,2272
ConsecutiveGamesPlayed,0,2,2012
ConsecutiveGamesPlayed,5,5,2234
GamesWRecTD,0,1,2234
ConsecutiveGamesPlayed,5,5,2402
ConsecutiveGamesPlayed,1,1,2193
ConsecutiveGamesPlayed,5,5,2246
ConsecutiveGamesPlayed,1,1,2386
ConsecutiveGamesPlayed,5,5,2498
ConsecutiveGamesPlayed,5,5,2069
GamesWRushTD,1,1,2069
ConsecutiveGamesPlayed,5,5,2594
ConsecutiveGamesPlayed,5,5,2210
ConsecutiveFGMade,0,4,2210
ConsecutiveGamesPlayed,5,5,2996
ConsecutiveGamesPlayed,5,5,2168
ConsecutiveGamesPlayed,0,1,2607
ConsecutiveGamesPlayed,5,5,2230
ConsecutiveGamesPlayed,1,1,2687
ConsecutiveGamesPlayed,0,2,2778
ConsecutiveGamesPlayed,1,1,2808
ConsecutiveGamesPlayed,5,5,2989
ConsecutiveGamesPlayed,5,5,1817
GamesWSack,0,1,1817
ConsecutiveGamesPlayed,5,5,1825
ConsecutiveGamesPlayed,5,5,1891
GamesWSack,1,2,1891
ConsecutiveGamesPlayed,5,5,1885
ConsecutiveGamesPlayed,5,5,1823
GamesWith100YardsRushing,2,2,1823
GamesWRushTD,0,3,1823
ConsecutiveGamesPlayed,5,5,1865
ConsecutiveGamesPlayed,5,5,2023
GamesWInt,0,1,2023
ConsecutiveGamesPlayed,5,5,1873
ConsecutiveGamesPlayed,5,5,2027
ConsecutiveGamesPlayed,5,5,1871
ConsecutiveGamesPlayed,5,5,1882
GamesWPassTD,1,1,1882
ConsecutivePassesNoInt,19,38,1882
ConsecutiveCompletions,5,11,1882
GamesWNoInt,1,2,1882
ConsecutiveGamesPlayed,5,5,1986
ConsecutiveGamesPlayed,5,5,2122
GamesWRecTD,1,1,2122
ConsecutiveGamesPlayed,5,5,2123
ConsecutiveGamesPlayed,5,5,2320
GamesWSack,0,4,2320
ConsecutiveGamesPlayed,5,5,2142
ConsecutiveGamesPlayed,5,5,2150
ConsecutiveFGMade,0,4,2150
ConsecutiveGamesPlayed,5,5,2034
GamesWRushTD,0,1,2034
ConsecutiveGamesPlayed,5,5,2048
ConsecutiveGamesPlayed,5,5,2247
ConsecutiveGamesPlayed,5,5,2480
GamesWInt,0,1,2480
ConsecutiveGamesPlayed,5,5,2365
ConsecutiveGamesPlayed,5,5,2276
ConsecutiveFGMade,2,2,2276
ConsecutiveGamesPlayed,1,1,2313
ConsecutiveGamesPlayed,5,5,2198
GamesWInt,0,1,2198
GamesWSack,0,1,2198
ConsecutiveGamesPlayed,5,5,2635
ConsecutiveGamesPlayed,5,5,2638
GamesWSack,1,1,2638
ConsecutiveGamesPlayed,2,2,2146
ConsecutiveGamesPlayed,5,5,2040
ConsecutiveGamesPlayed,1,1,2236
ConsecutiveGamesPlayed,5,5,2326
GamesWInt,0,1,2326
ConsecutiveGamesPlayed,5,5,2472
GamesWSack,1,1,2472
ConsecutiveGamesPlayed,5,5,2571
ConsecutiveGamesPlayed,0,1,2317
ConsecutiveGamesPlayed,0,1,2444
ConsecutiveGamesPlayed,4,4,2467
ConsecutiveGamesPlayed,4,4,2459
ConsecutiveGamesPlayed,1,1,2500
ConsecutiveGamesPlayed,1,1,2543
ConsecutiveGamesPlayed,5,5,2854
ConsecutiveGamesPlayed,5,5,2999
GamesWSack,2,2,2999
ConsecutiveGamesPlayed,4,4,3213
ConsecutiveGamesPlayed,5,5,2630
ConsecutiveGamesPlayed,3,3,2616
ConsecutiveGamesPlayed,5,5,2685
GamesWSack,1,1,2685
ConsecutiveGamesPlayed,5,5,2688
ConsecutiveGamesPlayed,5,5,2804
GamesWRecTD,0,1,2804
ConsecutiveGamesPlayed,1,1,2859
ConsecutiveGamesPlayed,5,5,3048
ConsecutiveGamesPlayed,5,5,1816
GamesWPassTD,1,3,1816
ConsecutivePassesNoInt,30,74,1816
ConsecutiveCompletions,0,12,1816
GamesWNoInt,1,2,1816
ConsecutiveGamesPlayed,5,5,1941
GamesWRecTD,1,1,1941
GamesWRushTD,0,1,1941
ConsecutiveGamesPlayed,5,5,1860
ConsecutiveGamesPlayed,5,5,1939
ConsecutiveGamesPlayed,5,5,1943
GamesWith100YardsReceiving,0,1,1943
GamesWRecTD,1,1,1943
ConsecutiveGamesPlayed,5,5,1942
GamesWRushTD,1,1,1942
ConsecutiveGamesPlayed,5,5,1926
ConsecutiveGamesPlayed,5,5,2028
ConsecutiveGamesPlayed,5,5,1933
ConsecutiveGamesPlayed,5,5,1969
ConsecutiveGamesPlayed,5,5,2043
ConsecutiveGamesPlayed,5,5,2025
GamesWInt,1,1,2025
ConsecutiveGamesPlayed,5,5,2144
GamesWInt,1,1,2144
ConsecutiveGamesPlayed,5,5,2021
ConsecutiveGamesPlayed,5,5,2176
ConsecutiveGamesPlayed,5,5,2161
GamesWSack,0,1,2161
ConsecutiveGamesPlayed,5,5,1967
ConsecutiveGamesPlayed,5,5,2209
ConsecutiveFGMade,9,9,2209
ConsecutiveGamesPlayed,5,5,2089
GamesWSack,0,2,2089
ConsecutiveGamesPlayed,5,5,2195
GamesWSack,0,1,2195
ConsecutiveGamesPlayed,5,5,2201
ConsecutiveGamesPlayed,5,5,2277
ConsecutiveGamesPlayed,5,5,2165
ConsecutiveGamesPlayed,5,5,2637
GamesWSack,0,1,2637
ConsecutiveGamesPlayed,0,3,1893
ConsecutiveGamesPlayed,5,5,2174
GamesWRecTD,0,1,2174
ConsecutiveGamesPlayed,5,5,2266
GamesWInt,0,1,2266
GamesWSack,0,1,2266
ConsecutiveGamesPlayed,5,5,1965
GamesWRecTD,0,1,1965
GamesWRushTD,0,1,1965
ConsecutiveGamesPlayed,5,5,2417
ConsecutiveGamesPlayed,2,2,2260
ConsecutiveGamesPlayed,5,5,2343
ConsecutiveGamesPlayed,0,1,2182
ConsecutiveGamesPlayed,0,1,2309
ConsecutiveGamesPlayed,2,2,2395
ConsecutiveGamesPlayed,5,5,2391
GamesWInt,0,1,2391
ConsecutiveGamesPlayed,5,5,2460
ConsecutiveGamesPlayed,1,1,2468
ConsecutiveGamesPlayed,2,2,2559
ConsecutiveGamesPlayed,5,5,2770
ConsecutiveGamesPlayed,5,5,3149
ConsecutiveGamesPlayed,5,5,3178
ConsecutiveGamesPlayed,0,1,2519
ConsecutiveGamesPlayed,0,1,2527
ConsecutiveGamesPlayed,0,1,2626
ConsecutiveGamesPlayed,0,1,2283
ConsecutiveGamesPlayed,5,5,2749
ConsecutiveGamesPlayed,1,1,2763
ConsecutiveGamesPlayed,0,1,2805
ConsecutiveGamesPlayed,5,5,2930
ConsecutiveGamesPlayed,5,5,1819
GamesWPassTD,3,3,1819
ConsecutivePassesNoInt,111,111,1819
ConsecutiveCompletions,5,7,1819
GamesWith300Yards,0,1,1819
GamesWNoInt,3,3,1819
ConsecutiveGamesPlayed,5,5,1870
ConsecutiveGamesPlayed,5,5,1855
GamesWith100YardsReceiving,0,1,1855
GamesWRecTD,0,1,1855
ConsecutiveGamesPlayed,5,5,1883
GamesWRecTD,0,1,1883
ConsecutiveGamesPlayed,5,5,1950
ConsecutiveGamesPlayed,5,5,1836
ConsecutiveGamesPlayed,5,5,1930
ConsecutiveGamesPlayed,5,5,2004
ConsecutiveGamesPlayed,5,5,2047
ConsecutiveGamesPlayed,5,5,1978
GamesWSack,0,1,1978
ConsecutiveGamesPlayed,5,5,1992
ConsecutiveGamesPlayed,5,5,2346
GamesWSack,2,2,2346
ConsecutiveGamesPlayed,5,5,2087
GamesWSack,0,1,2087
ConsecutiveGamesPlayed,5,5,2057
ConsecutiveGamesPlayed,5,5,2136
GamesWSack,0,1,2136
ConsecutiveGamesPlayed,5,5,2267
ConsecutiveGamesPlayed,0,4,2141
ConsecutiveGamesPlayed,5,5,2207
ConsecutiveGamesPlayed,5,5,2094
ConsecutiveGamesPlayed,5,5,2114
ConsecutiveGamesPlayed,5,5,1894
ConsecutiveGamesPlayed,5,5,2278
ConsecutiveFGMade,0,1,2278
ConsecutiveGamesPlayed,5,5,2345
ConsecutiveFGMade,7,7,2345
ConsecutiveGamesPlayed,5,5,2090
ConsecutiveGamesPlayed,1,1,2008
ConsecutiveGamesPlayed,5,5,2158
ConsecutiveGamesPlayed,5,5,2385
ConsecutiveGamesPlayed,0,1,2126
ConsecutiveGamesPlayed,5,5,2077
ConsecutiveGamesPlayed,0,1,2180
ConsecutiveGamesPlayed,5,5,2325
ConsecutiveGamesPlayed,5,5,2369
GamesWRecTD,1,1,2369
ConsecutiveGamesPlayed,1,1,2475
ConsecutiveGamesPlayed,5,5,2595
ConsecutiveGamesPlayed,5,5,2119
GamesWRushTD,1,1,2119
ConsecutiveGamesPlayed,5,5,2538
GamesWSack,1,1,2538
ConsecutiveGamesPlayed,5,5,2545
GamesWSack,0,1,2545
ConsecutiveGamesPlayed,5,5,2553
ConsecutiveGamesPlayed,5,5,2587
ConsecutiveGamesPlayed,5,5,2847
ConsecutiveGamesPlayed,5,5,3210
GamesWSack,0,1,3210
ConsecutiveGamesPlayed,5,5,3208
ConsecutiveGamesPlayed,5,5,2625
GamesWInt,1,1,2625
ConsecutiveGamesPlayed,5,5,2361
GamesWRushTD,0,3,2361
ConsecutiveGamesPlayed,5,5,2694
ConsecutiveGamesPlayed,5,5,2932
ConsecutiveGamesPlayed,5,5,2982
ConsecutiveGamesPlayed,5,5,1869
GamesWPassTD,1,1,1869
ConsecutivePassesNoInt,31,72,1869
ConsecutiveCompletions,2,8,1869
GamesWNoInt,1,2,1869
ConsecutiveGamesPlayed,5,5,1863
ConsecutiveGamesPlayed,5,5,1845
ConsecutiveGamesPlayed,5,5,2108
GamesWRushTD,1,1,2108
ConsecutiveGamesPlayed,5,5,1957
ConsecutiveGamesPlayed,5,5,1833
GamesWRecTD,1,1,1833
GamesWRushTD,0,3,1833
ConsecutiveGamesPlayed,5,5,2019
GamesWSack,0,1,2019
ConsecutiveGamesPlayed,5,5,2189
ConsecutiveGamesPlayed,5,5,2014
GamesWSack,0,2,2014
ConsecutiveGamesPlayed,5,5,2205
GamesWInt,0,1,2205
GamesWSack,1,1,2205
ConsecutiveGamesPlayed,5,5,2143
ConsecutiveGamesPlayed,5,5,2237
GamesWRecTD,0,1,2237
ConsecutiveGamesPlayed,5,5,2044
ConsecutiveGamesPlayed,5,5,2371
ConsecutiveGamesPlayed,5,5,2375
ConsecutiveGamesPlayed,4,4,3128
ConsecutiveGamesPlayed,5,5,2407
ConsecutiveGamesPlayed,5,5,2258
GamesWInt,0,1,2258
GamesWSack,0,1,2258
ConsecutiveGamesPlayed,5,5,2408
ConsecutiveGamesPlayed,5,5,2341
ConsecutiveGamesPlayed,5,5,2185
ConsecutiveGamesPlayed,5,5,2298
GamesWRecTD,1,1,2298
ConsecutiveGamesPlayed,5,5,2703
ConsecutiveGamesPlayed,5,5,2038
ConsecutiveGamesPlayed,5,5,2265
GamesWSack,0,1,2265
ConsecutiveGamesPlayed,1,1,2355
ConsecutivePassesNoInt,1,1,2355
ConsecutiveCompletions,1,1,2355
GamesWNoInt,1,1,2355
ConsecutiveGamesPlayed,5,5,2634
ConsecutiveFGMade,8,8,2634
ConsecutiveGamesPlayed,5,5,2936
ConsecutiveFGMade,0,1,2936
ConsecutiveGamesPlayed,5,5,2372
ConsecutiveGamesPlayed,3,3,2448
ConsecutiveGamesPlayed,5,5,2338
ConsecutiveGamesPlayed,5,5,2470
ConsecutiveGamesPlayed,5,5,2717
ConsecutiveGamesPlayed,5,5,2245
ConsecutiveGamesPlayed,3,3,2252
ConsecutiveGamesPlayed,5,5,2437
ConsecutiveGamesPlayed,2,2,2388
ConsecutiveGamesPlayed,5,5,2705
ConsecutiveGamesPlayed,5,5,2655
ConsecutiveGamesPlayed,1,1,2592
ConsecutiveGamesPlayed,1,1,2172
ConsecutiveGamesPlayed,5,5,2939
ConsecutiveGamesPlayed,5,5,2534
ConsecutiveGamesPlayed,5,5,2535
ConsecutiveGamesPlayed,5,5,3214
ConsecutiveGamesPlayed,1,1,2661
ConsecutiveGamesPlayed,2,2,2701
ConsecutiveGamesPlayed,3,3,2679
ConsecutiveGamesPlayed,1,1,2740
ConsecutiveGamesPlayed,5,5,2902
GamesWSack,0,1,2902
ConsecutiveGamesPlayed,5,5,1839
GamesWSack,2,2,1839
ConsecutiveGamesPlayed,5,5,1847
GamesWSack,3,3,1847
ConsecutiveGamesPlayed,5,5,1854
GamesWith100YardsRushing,0,2,1854
GamesWRushTD,3,3,1854
ConsecutiveGamesPlayed,5,5,1884
ConsecutiveGamesPlayed,5,5,1895
GamesWPassTD,0,3,1895
ConsecutivePassesNoInt,30,39,1895
ConsecutiveCompletions,6,14,1895
GamesWNoInt,0,1,1895
ConsecutiveGamesPlayed,5,5,1937
ConsecutiveGamesPlayed,5,5,1983
GamesWRecTD,0,1,1983
ConsecutiveGamesPlayed,5,5,1960
GamesWInt,0,1,1960
ConsecutiveGamesPlayed,5,5,2106
GamesWith100YardsReceiving,0,1,2106
GamesWRecTD,0,1,2106
ConsecutiveGamesPlayed,5,5,2018
ConsecutiveGamesPlayed,5,5,2046
ConsecutiveGamesPlayed,5,5,2022
ConsecutiveGamesPlayed,5,5,2009
ConsecutiveGamesPlayed,5,5,2098
ConsecutiveGamesPlayed,5,5,2083
ConsecutiveGamesPlayed,5,5,2078
ConsecutiveGamesPlayed,5,5,2353
GamesWInt,0,1,2353
ConsecutiveGamesPlayed,5,5,2127
ConsecutiveGamesPlayed,5,5,2301
GamesWRecTD,0,1,2301
ConsecutiveGamesPlayed,5,5,2238
ConsecutiveGamesPlayed,5,5,2188
ConsecutiveGamesPlayed,5,5,2342
ConsecutiveGamesPlayed,5,5,2200
ConsecutiveGamesPlayed,5,5,2324
ConsecutiveGamesPlayed,5,5,2567
ConsecutiveFGMade,0,4,2567
ConsecutiveGamesPlayed,5,5,1947
GamesWith100YardsRushing,0,1,1947
GamesWRushTD,0,1,1947
ConsecutiveGamesPlayed,1,1,2264
ConsecutiveGamesPlayed,5,5,2477
ConsecutiveGamesPlayed,5,5,2868
ConsecutiveGamesPlayed,5,5,2461
ConsecutiveGamesPlayed,5,5,2440
ConsecutiveGamesPlayed,1,1,2312
ConsecutiveGamesPlayed,5,5,2864
ConsecutiveGamesPlayed,5,5,2393
ConsecutiveGamesPlayed,2,2,2120
ConsecutiveGamesPlayed,5,5,2994
ConsecutiveFGMade,1,2,2994
ConsecutiveGamesPlayed,1,1,2714
ConsecutiveGamesPlayed,5,5,2768
ConsecutiveGamesPlayed,5,5,2560
ConsecutiveGamesPlayed,5,5,2589
ConsecutiveGamesPlayed,5,5,2846
ConsecutiveGamesPlayed,5,5,3249
ConsecutiveGamesPlayed,5,5,3250
ConsecutiveGamesPlayed,1,1,2678
ConsecutiveGamesPlayed,1,1,2758
GamesWSack,1,1,2758
ConsecutiveGamesPlayed,4,4,2802
ConsecutiveGamesPlayed,5,5,2842
ConsecutiveGamesPlayed,5,5,1813
GamesWPassTD,1,1,1813
ConsecutivePassesNoInt,14,43,1813
ConsecutiveCompletions,3,6,1813
GamesWith300Yards,1,1,1813
ConsecutiveGamesPlayed,5,5,1856
ConsecutiveGamesPlayed,5,5,1850
ConsecutiveGamesPlayed,5,5,1859
ConsecutiveGamesPlayed,5,5,1842
ConsecutiveGamesPlayed,5,5,1853
GamesWith100YardsRushing,0,1,1853
GamesWRushTD,0,2,1853
ConsecutiveGamesPlayed,5,5,1948
ConsecutiveGamesPlayed,5,5,1973
GamesWSack,0,1,1973
ConsecutiveGamesPlayed,5,5,2107
ConsecutiveGamesPlayed,5,5,2003
ConsecutiveGamesPlayed,5,5,1984
GamesWInt,0,1,1984
GamesWSack,0,1,1984
ConsecutiveGamesPlayed,5,5,2088
ConsecutiveGamesPlayed,5,5,2093
GamesWSack,0,1,2093
ConsecutiveGamesPlayed,5,5,2235
GamesWith100YardsReceiving,1,1,2235
GamesWRecTD,0,1,2235
ConsecutiveGamesPlayed,5,5,1990
ConsecutiveGamesPlayed,5,5,2218
GamesWRecTD,0,1,2218
ConsecutiveGamesPlayed,5,5,2148
ConsecutiveGamesPlayed,5,5,1963
ConsecutiveGamesPlayed,5,5,2058
ConsecutiveGamesPlayed,5,5,2373
ConsecutiveGamesPlayed,5,5,2111
ConsecutiveGamesPlayed,5,5,2052
ConsecutiveGamesPlayed,5,5,2109
ConsecutiveGamesPlayed,5,5,2270
ConsecutiveGamesPlayed,5,5,2199
GamesWSack,2,2,2199
ConsecutiveGamesPlayed,5,5,2434
ConsecutiveGamesPlayed,5,5,2178
ConsecutiveGamesPlayed,5,5,2869
ConsecutiveGamesPlayed,5,5,2465
GamesWSack,0,1,2465
ConsecutiveGamesPlayed,5,5,2249
ConsecutiveGamesPlayed,5,5,2351
GamesWSack,0,1,2351
ConsecutiveGamesPlayed,0,1,2400
ConsecutiveGamesPlayed,3,3,2479
ConsecutiveGamesPlayed,5,5,2436
ConsecutiveGamesPlayed,0,2,2456
ConsecutiveGamesPlayed,5,5,2568
ConsecutiveFGMade,10,10,2568
ConsecutiveGamesPlayed,5,5,2923
ConsecutiveGamesPlayed,1,1,2730
ConsecutiveGamesPlayed,5,5,2684
ConsecutiveGamesPlayed,2,2,2692
ConsecutiveGamesPlayed,5,5,3054
ConsecutiveFGMade,0,3,3054
ConsecutiveGamesPlayed,0,4,2291
ConsecutiveGamesPlayed,3,3,2834
ConsecutiveGamesPlayed,5,5,3097
ConsecutiveGamesPlayed,5,5,1834
ConsecutiveGamesPlayed,5,5,1844
GamesWSack,2,2,1844
ConsecutiveGamesPlayed,5,5,1904
GamesWSack,0,2,1904
ConsecutiveGamesPlayed,5,5,1903
ConsecutiveGamesPlayed,5,5,1916
ConsecutiveGamesPlayed,5,5,1953
GamesWSack,0,1,1953
ConsecutiveGamesPlayed,5,5,1956
ConsecutiveGamesPlayed,5,5,1981
GamesWInt,0,2,1981
GamesWSack,0,1,1981
ConsecutiveGamesPlayed,5,5,2007
ConsecutiveGamesPlayed,5,5,1889
GamesWith100YardsRushing,0,2,1889
GamesWRecTD,1,1,1889
GamesWRushTD,0,1,1889
ConsecutiveGamesPlayed,5,5,2065
GamesWInt,0,1,2065
ConsecutiveGamesPlayed,5,5,2080
GamesWRecTD,3,3,2080
ConsecutiveGamesPlayed,5,5,2240
GamesWRecTD,1,1,2240
ConsecutiveGamesPlayed,5,5,2217
ConsecutiveGamesPlayed,5,5,2212
ConsecutiveGamesPlayed,5,5,2636
GamesWSack,0,1,2636
ConsecutiveGamesPlayed,5,5,2147
GamesWSack,0,1,2147
ConsecutiveGamesPlayed,5,5,2239
GamesWRecTD,0,1,2239
ConsecutiveGamesPlayed,5,5,1897
GamesWRushTD,0,1,1897
ConsecutiveGamesPlayed,5,5,2204
GamesWSack,0,1,2204
ConsecutiveGamesPlayed,5,5,2086
ConsecutiveGamesPlayed,5,5,2303
ConsecutiveGamesPlayed,5,5,2036
GamesWPassTD,5,5,2036
ConsecutivePassesNoInt,12,127,2036
ConsecutiveCompletions,0,11,2036
GamesWNoInt,0,4,2036
ConsecutiveGamesPlayed,5,5,2263
ConsecutiveGamesPlayed,5,5,2374
ConsecutiveGamesPlayed,1,1,2306
ConsecutiveGamesPlayed,5,5,2332
GamesWInt,0,1,2332
ConsecutiveGamesPlayed,5,5,2781
ConsecutiveFGMade,2,6,2781
ConsecutiveGamesPlayed,5,5,2401
GamesWSack,2,2,2401
ConsecutiveGamesPlayed,5,5,2786
ConsecutiveGamesPlayed,5,5,2299
ConsecutiveGamesPlayed,5,5,2387
GamesWSack,0,1,2387
ConsecutiveGamesPlayed,5,5,2707
ConsecutiveGamesPlayed,5,5,2451
ConsecutiveGamesPlayed,3,3,2466
ConsecutiveGamesPlayed,1,1,2478
ConsecutiveGamesPlayed,0,1,2561
ConsecutiveGamesPlayed,0,2,2505
ConsecutiveGamesPlayed,0,2,2216
ConsecutiveGamesPlayed,5,5,2531
ConsecutiveGamesPlayed,4,4,2611
ConsecutiveGamesPlayed,5,5,2998
ConsecutiveFGMade,1,2,2998
ConsecutiveGamesPlayed,5,5,2727
ConsecutiveGamesPlayed,4,4,3264
ConsecutiveGamesPlayed,1,1,2761
ConsecutiveGamesPlayed,5,5,1851
GamesWPassTD,5,5,1851
ConsecutivePassesNoInt,7,42,1851
ConsecutiveCompletions,2,13,1851
GamesWNoInt,0,1,1851
ConsecutiveGamesPlayed,5,5,1846
ConsecutiveGamesPlayed,5,5,1867
ConsecutiveGamesPlayed,5,5,1876
GamesWSack,0,1,1876
ConsecutiveGamesPlayed,5,5,1929
ConsecutiveGamesPlayed,5,5,1841
ConsecutiveGamesPlayed,5,5,2029
GamesWRecTD,0,1,2029
ConsecutiveGamesPlayed,5,5,2056
ConsecutiveGamesPlayed,5,5,2024
GamesWSack,0,1,2024
ConsecutiveGamesPlayed,5,5,2095
GamesWInt,0,1,2095
ConsecutiveGamesPlayed,5,5,2020
GamesWInt,0,1,2020
ConsecutiveGamesPlayed,5,5,2032
ConsecutiveGamesPlayed,5,5,2079
GamesWRecTD,0,1,2079
ConsecutiveGamesPlayed,5,5,2053
GamesWSack,1,1,2053
ConsecutiveGamesPlayed,5,5,2177
GamesWRecTD,1,1,2177
ConsecutiveGamesPlayed,5,5,2091
ConsecutiveGamesPlayed,5,5,2154
ConsecutiveGamesPlayed,5,5,1991
ConsecutiveGamesPlayed,5,5,2162
GamesWSack,0,1,2162
ConsecutiveGamesPlayed,5,5,2409
ConsecutiveGamesPlayed,5,5,1905
GamesWRushTD,0,3,1905
ConsecutiveGamesPlayed,5,5,2323
ConsecutiveGamesPlayed,5,5,2366
GamesWRecTD,0,1,2366
ConsecutiveGamesPlayed,5,5,2137
GamesWSack,0,1,2137
ConsecutiveGamesPlayed,5,5,1909
GamesWith100YardsRushing,0,2,1909
GamesWRecTD,0,1,1909
GamesWRushTD,3,3,1909
ConsecutiveGamesPlayed,5,5,2933
ConsecutiveFGMade,6,6,2933
ConsecutiveGamesPlayed,5,5,2439
GamesWRecTD,0,1,2439
ConsecutiveGamesPlayed,5,5,2861
ConsecutiveFGMade,0,1,2861
ConsecutiveGamesPlayed,5,5,2704
ConsecutiveGamesPlayed,5,5,2867
GamesWSack,1,1,2867
ConsecutiveGamesPlayed,5,5,2715
ConsecutiveGamesPlayed,5,5,2476
ConsecutiveGamesPlayed,5,5,2121
ConsecutiveGamesPlayed,5,5,2556
ConsecutiveGamesPlayed,5,5,2487
GamesWRecTD,0,1,2487
ConsecutiveGamesPlayed,5,5,2532
ConsecutiveGamesPlayed,5,5,2617
ConsecutiveGamesPlayed,0,1,2597
ConsecutiveGamesPlayed,1,2,2628
ConsecutiveGamesPlayed,1,2,3272
ConsecutiveGamesPlayed,5,5,3283
ConsecutiveGamesPlayed,2,2,2759
ConsecutiveGamesPlayed,5,5,1809
GamesWith100YardsRushing,0,3,1809
GamesWRecTD,0,1,1809
GamesWRushTD,0,3,1809
ConsecutiveGamesPlayed,5,5,1820
ConsecutiveGamesPlayed,5,5,1835
ConsecutiveGamesPlayed,5,5,1886
ConsecutiveGamesPlayed,5,5,1858
GamesWSack,0,3,1858
ConsecutiveGamesPlayed,5,5,1872
ConsecutiveGamesPlayed,5,5,1934
ConsecutiveGamesPlayed,5,5,1938
GamesWInt,0,2,1938
ConsecutiveGamesPlayed,5,5,2067
GamesWRecTD,1,1,2067
ConsecutiveGamesPlayed,5,5,1927
GamesWPassTD,1,1,1927
ConsecutivePassesNoInt,5,49,1927
ConsecutiveCompletions,0,12,1927
GamesWNoInt,0,2,1927
ConsecutiveGamesPlayed,5,5,1958
ConsecutiveGamesPlayed,5,5,2061
GamesWRecTD,0,1,2061
ConsecutiveGamesPlayed,5,5,1972
ConsecutiveGamesPlayed,5,5,2000
ConsecutiveGamesPlayed,5,5,2030
ConsecutiveGamesPlayed,5,5,2054
GamesWInt,0,1,2054
ConsecutiveGamesPlayed,5,5,2274
ConsecutiveFGMade,0,2,2274
ConsecutiveGamesPlayed,5,5,2145
ConsecutiveGamesPlayed,5,5,2211
GamesWSack,0,1,2211
ConsecutiveGamesPlayed,5,5,2390
GamesWSack,0,1,2390
ConsecutiveGamesPlayed,5,5,2322
ConsecutiveGamesPlayed,5,5,2352
ConsecutiveGamesPlayed,5,5,2396
ConsecutiveGamesPlayed,5,5,1910
ConsecutiveGamesPlayed,5,5,2233
ConsecutiveGamesPlayed,5,5,3055
ConsecutiveFGMade,1,1,3055
ConsecutiveGamesPlayed,5,5,2192
GamesWSack,0,1,2192
ConsecutiveGamesPlayed,5,5,2415
ConsecutiveGamesPlayed,5,5,2639
ConsecutiveGamesPlayed,1,1,2337
ConsecutiveGamesPlayed,2,2,2404
ConsecutiveGamesPlayed,5,5,2512
ConsecutiveGamesPlayed,0,1,2471
ConsecutiveGamesPlayed,1,1,2540
ConsecutiveGamesPlayed,2,2,2503
ConsecutiveGamesPlayed,5,5,2544
ConsecutiveGamesPlayed,1,1,2848
ConsecutiveGamesPlayed,5,5,3114
ConsecutiveGamesPlayed,5,5,3177
GamesWSack,1,1,3177
ConsecutiveGamesPlayed,1,1,2612
ConsecutiveGamesPlayed,1,1,2670
ConsecutiveGamesPlayed,0,2,2362
ConsecutiveGamesPlayed,5,5,2752
ConsecutiveGamesPlayed,2,2,2831
ConsecutiveGamesPlayed,5,5,2921
ConsecutiveGamesPlayed,5,5,2980
ConsecutiveGamesPlayed,5,5,1826
GamesWRecTD,0,3,1826
ConsecutiveGamesPlayed,5,5,1840
ConsecutiveGamesPlayed,5,5,1924
GamesWPassTD,0,4,1924
ConsecutivePassesNoInt,90,90,1924
ConsecutiveCompletions,1,8,1924
GamesWNoInt,4,4,1924
ConsecutiveGamesPlayed,5,5,1959
GamesWRecTD,0,1,1959
ConsecutiveGamesPlayed,5,5,1919
GamesWSack,0,1,1919
ConsecutiveGamesPlayed,5,5,2151
ConsecutiveGamesPlayed,5,5,1951
ConsecutiveGamesPlayed,5,5,2064
ConsecutiveGamesPlayed,5,5,2135
GamesWSack,1,1,2135
ConsecutiveGamesPlayed,5,5,2113
ConsecutiveGamesPlayed,5,5,2103
ConsecutiveGamesPlayed,5,5,2097
ConsecutiveGamesPlayed,5,5,1907
GamesWith100YardsRushing,1,1,1907
GamesWRecTD,0,1,1907
GamesWRushTD,1,2,1907
ConsecutiveGamesPlayed,5,5,2279
GamesWInt,0,1,2279
ConsecutiveGamesPlayed,5,5,2005
ConsecutiveGamesPlayed,5,5,2304
ConsecutiveGamesPlayed,5,5,2414
GamesWRecTD,0,1,2414
ConsecutiveGamesPlayed,5,5,2537
GamesWSack,3,3,2537
ConsecutiveGamesPlayed,5,5,2482
ConsecutiveFGMade,6,6,2482
ConsecutiveGamesPlayed,5,5,2179
ConsecutiveGamesPlayed,4,4,2203
ConsecutiveGamesPlayed,1,1,2132
ConsecutiveGamesPlayed,5,5,2640
ConsecutiveGamesPlayed,5,5,2719
GamesWSack,0,1,2719
ConsecutiveGamesPlayed,5,5,1961
GamesWRushTD,2,2,1961
ConsecutiveGamesPlayed,1,2,2757
ConsecutiveGamesPlayed,5,5,2509
ConsecutiveGamesPlayed,5,5,2767
GamesWInt,1,1,2767
ConsecutiveGamesPlayed,1,1,2115
ConsecutivePassesNoInt,2,2,2115
ConsecutiveCompletions,0,1,2115
GamesWNoInt,1,1,2115
ConsecutiveGamesPlayed,1,1,2486
ConsecutiveGamesPlayed,5,5,2389
ConsecutiveGamesPlayed,5,5,2117
GamesWRushTD,1,1,2117
ConsecutiveGamesPlayed,5,5,2364
ConsecutiveGamesPlayed,1,3,2522
ConsecutiveGamesPlayed,3,3,2242
ConsecutiveGamesPlayed,5,5,2632
GamesWInt,0,1,2632
ConsecutiveGamesPlayed,1,1,2601
ConsecutiveGamesPlayed,5,5,2787
ConsecutiveGamesPlayed,5,5,2937
ConsecutiveGamesPlayed,5,5,2852
ConsecutiveGamesPlayed,5,5,2997
ConsecutiveGamesPlayed,5,5,2928
ConsecutiveGamesPlayed,5,5,2552
ConsecutiveGamesPlayed,5,5,2614
GamesWInt,1,1,2614
ConsecutiveGamesPlayed,1,1,2817
ConsecutiveGamesPlayed,1,3,2967
GamesWSack,0,2,2967
ConsecutiveGamesPlayed,1,1,2660
ConsecutiveGamesPlayed,5,5,3232
ConsecutiveGamesPlayed,1,1,2356
ConsecutiveGamesPlayed,0,1,2713
ConsecutiveGamesPlayed,1,2,2762
ConsecutiveGamesPlayed,1,1,2871
ConsecutiveGamesPlayed,5,5,1827
GamesWith100YardsReceiving,1,2,1827
GamesWRecTD,0,1,1827
ConsecutiveGamesPlayed,5,5,1843
GamesWInt,0,1,1843
GamesWSack,0,1,1843
ConsecutiveGamesPlayed,5,5,1852
GamesWRecTD,2,2,1852
ConsecutiveGamesPlayed,5,5,1829
GamesWSack,0,1,1829
ConsecutiveGamesPlayed,5,5,1830
ConsecutiveGamesPlayed,5,5,1923
GamesWPassTD,5,5,1923
ConsecutivePassesNoInt,75,75,1923
ConsecutiveCompletions,1,7,1923
GamesWith300Yards,1,1,1923
GamesWNoInt,2,2,1923
ConsecutiveGamesPlayed,5,5,1932
ConsecutiveGamesPlayed,5,5,2062
ConsecutiveGamesPlayed,5,5,2001
ConsecutiveGamesPlayed,5,5,2130
ConsecutiveGamesPlayed,5,5,2042
ConsecutiveGamesPlayed,5,5,1936
GamesWSack,0,1,1936
ConsecutiveGamesPlayed,5,5,1979
GamesWSack,0,1,1979
ConsecutiveGamesPlayed,5,5,1955
GamesWSack,0,1,1955
ConsecutiveGamesPlayed,0,1,1987
GamesWPassTD,0,1,1987
ConsecutivePassesNoInt,2,2,1987
ConsecutiveCompletions,0,1,1987
GamesWNoInt,0,1,1987
ConsecutiveGamesPlayed,5,5,2068
ConsecutiveGamesPlayed,5,5,2335
GamesWInt,0,1,2335
ConsecutiveGamesPlayed,5,5,2011
ConsecutiveGamesPlayed,5,5,2268
ConsecutiveGamesPlayed,5,5,1864
GamesWRushTD,0,1,1864
ConsecutiveGamesPlayed,1,2,2099
ConsecutiveGamesPlayed,0,1,2085
ConsecutiveGamesPlayed,5,5,2271
ConsecutiveGamesPlayed,5,5,2124
GamesWRecTD,1,1,2124
GamesWRushTD,0,1,2124
ConsecutiveGamesPlayed,5,5,2314
ConsecutiveGamesPlayed,5,5,2102
ConsecutiveFGMade,0,10,2102
ConsecutiveGamesPlayed,5,5,2783
ConsecutiveGamesPlayed,5,5,2435
GamesWRecTD,0,3,2435
GamesWRushTD,0,1,2435
ConsecutiveGamesPlayed,5,5,2706
GamesWInt,2,2,2706
ConsecutiveGamesPlayed,5,5,2515
ConsecutiveGamesPlayed,5,5,2254
ConsecutiveGamesPlayed,0,1,2378
ConsecutiveGamesPlayed,5,5,2255
ConsecutiveGamesPlayed,0,1,2473
ConsecutiveGamesPlayed,0,2,2446
ConsecutiveGamesPlayed,5,5,2499
ConsecutiveGamesPlayed,1,3,2112
GamesWRecTD,0,1,2112
GamesWRushTD,0,1,2112
ConsecutiveGamesPlayed,0,2,2506
ConsecutiveGamesPlayed,5,5,2995
ConsecutiveFGMade,0,3,2995
ConsecutiveGamesPlayed,5,5,2169
GamesWRecTD,0,1,2169
ConsecutiveGamesPlayed,5,5,2463
ConsecutiveGamesPlayed,5,5,2562
ConsecutiveGamesPlayed,0,1,2615
ConsecutiveGamesPlayed,0,1,2663
ConsecutiveGamesPlayed,5,5,3211
ConsecutiveGamesPlayed,0,4,3212
GamesWSack,0,1,3212
ConsecutiveGamesPlayed,5,5,2627
ConsecutiveGamesPlayed,0,1,2360
ConsecutiveGamesPlayed,5,5,2807
GamesWRecTD,0,1,2807
ConsecutiveGamesPlayed,5,5,2830
ConsecutiveGamesPlayed,0,1,2929
ConsecutiveGamesPlayed,5,5,3047
ConsecutiveGamesPlayed,5,5,1810
GamesWSack,3,3,1810
ConsecutiveGamesPlayed,5,5,1814
GamesWith100YardsRushing,1,1,1814
GamesWRushTD,0,1,1814
ConsecutiveGamesPlayed,5,5,1857
GamesWSack,0,1,1857
ConsecutiveGamesPlayed,5,5,1896
GamesWRushTD,0,1,1896
ConsecutiveGamesPlayed,5,5,1837
ConsecutiveGamesPlayed,5,5,1915
ConsecutiveGamesPlayed,5,5,1966
GamesWith100YardsReceiving,0,1,1966
GamesWRecTD,1,1,1966
ConsecutiveGamesPlayed,5,5,2059
ConsecutiveGamesPlayed,5,5,1945
GamesWPassTD,1,2,1945
ConsecutivePassesNoInt,33,33,1945
ConsecutiveCompletions,1,7,1945
GamesWNoInt,1,1,1945
ConsecutiveGamesPlayed,5,5,1912
ConsecutiveGamesPlayed,5,5,2173
ConsecutiveGamesPlayed,5,5,1968
ConsecutiveGamesPlayed,5,5,2049
ConsecutiveGamesPlayed,5,5,2202
ConsecutiveGamesPlayed,5,5,2344
ConsecutiveFGMade,1,3,2344
ConsecutiveGamesPlayed,5,5,2149
ConsecutiveGamesPlayed,5,5,2208
ConsecutiveGamesPlayed,5,5,2194
ConsecutiveGamesPlayed,5,5,2013
ConsecutiveGamesPlayed,5,5,2197
GamesWSack,0,3,2197
ConsecutiveGamesPlayed,5,5,2622
ConsecutiveGamesPlayed,5,5,2248
ConsecutiveGamesPlayed,5,5,2244
ConsecutiveGamesPlayed,4,4,2329
ConsecutiveGamesPlayed,5,5,2302
GamesWRecTD,1,1,2302
ConsecutiveGamesPlayed,5,5,2412
GamesWRecTD,0,1,2412
ConsecutiveGamesPlayed,5,5,2720
ConsecutiveGamesPlayed,1,1,2128
ConsecutiveGamesPlayed,5,5,2163
ConsecutiveGamesPlayed,2,2,2339
ConsecutiveGamesPlayed,4,4,2331
ConsecutiveGamesPlayed,0,1,2474
ConsecutiveGamesPlayed,5,5,2862
ConsecutiveFGMade,0,1,2862
ConsecutiveGamesPlayed,5,5,2384
ConsecutiveGamesPlayed,3,3,2392
ConsecutiveGamesPlayed,1,1,2441
ConsecutiveGamesPlayed,5,5,2541
GamesWSack,0,1,2541
ConsecutiveGamesPlayed,5,5,2708
ConsecutiveGamesPlayed,5,5,2590
ConsecutiveGamesPlayed,5,5,2938
ConsecutiveGamesPlayed,5,5,3148
ConsecutiveGamesPlayed,5,5,2526
ConsecutiveGamesPlayed,1,2,2674
ConsecutiveGamesPlayed,5,5,2716
GamesWInt,1,1,2716
GamesWSack,1,1,2716
ConsecutiveGamesPlayed,5,5,2695
ConsecutiveGamesPlayed,5,5,2748
GamesWSack,0,1,2748
ConsecutiveGamesPlayed,2,2,2924
ConsecutiveGamesPlayed,5,5,2920
ConsecutiveGamesPlayed,5,5,2297
ConsecutiveGamesPlayed,5,5,3108
ConsecutiveGamesPlayed,5,5,1815
GamesWPassTD,3,3,1815
ConsecutivePassesNoInt,2,86,1815
ConsecutiveCompletions,2,9,1815
GamesWith300Yards,1,1,1815
GamesWNoInt,0,3,1815
ConsecutiveGamesPlayed,5,5,1838
GamesWInt,1,1,1838
GamesWSack,0,1,1838
ConsecutiveGamesPlayed,5,5,1831
GamesWith100YardsRushing,0,2,1831
GamesWRushTD,0,1,1831
ConsecutiveGamesPlayed,5,5,1874
ConsecutiveGamesPlayed,5,5,1866
ConsecutiveGamesPlayed,5,5,1878
GamesWInt,0,1,1878
GamesWSack,0,1,1878
ConsecutiveGamesPlayed,5,5,1899
GamesWRecTD,0,1,1899
ConsecutiveGamesPlayed,5,5,1974
ConsecutiveGamesPlayed,5,5,1997
GamesWRecTD,0,1,1997
ConsecutiveGamesPlayed,5,5,1975
ConsecutiveGamesPlayed,5,5,1914
GamesWRecTD,1,1,1914
ConsecutiveGamesPlayed,5,5,1980
GamesWRecTD,1,1,1980
ConsecutiveGamesPlayed,5,5,1977
ConsecutiveFGMade,3,3,1977
ConsecutiveGamesPlayed,5,5,2016
ConsecutiveGamesPlayed,5,5,2041
ConsecutiveGamesPlayed,5,5,2082
ConsecutiveGamesPlayed,5,5,2101
GamesWInt,0,1,2101
ConsecutiveGamesPlayed,5,5,2187
ConsecutiveGamesPlayed,5,5,2213
ConsecutiveGamesPlayed,5,5,2181
ConsecutiveGamesPlayed,5,5,2785
GamesWSack,0,1,2785
ConsecutiveGamesPlayed,5,5,2160
ConsecutiveGamesPlayed,5,5,2164
ConsecutiveGamesPlayed,5,5,2206
GamesWInt,0,1,2206
GamesWSack,0,1,2206
ConsecutiveGamesPlayed,5,5,2621
ConsecutiveGamesPlayed,5,5,2865
ConsecutiveGamesPlayed,5,5,1962
GamesWRushTD,0,1,1962
ConsecutiveGamesPlayed,5,5,2259
GamesWSack,0,1,2259
ConsecutiveGamesPlayed,1,3,2328
ConsecutiveGamesPlayed,5,5,2405
ConsecutiveGamesPlayed,5,5,2510
ConsecutiveGamesPlayed,5,5,2586
ConsecutiveGamesPlayed,5,5,2863
ConsecutiveFGMade,0,1,2863
ConsecutiveGamesPlayed,5,5,2457
ConsecutiveGamesPlayed,5,5,2507
GamesWRecTD,0,1,2507
ConsecutiveGamesPlayed,0,1,2549
ConsecutiveGamesPlayed,5,5,2777
ConsecutiveGamesPlayed,5,5,3115
ConsecutiveGamesPlayed,2,2,2563
ConsecutiveGamesPlayed,5,5,2296
ConsecutiveGamesPlayed,5,5,2689
GamesWSack,0,1,2689
ConsecutiveGamesPlayed,5,5,2753
ConsecutiveGamesPlayed,5,5,2919
GamesWInt,1,1,2919
